{
    "counter": 25,
    "attempt_list": [
        [
            0,
            0,
            0,
            ""
        ],
        [
            8,
            145,
            51.349005699157715,
            "RuEasy"
        ],
        [
            3,
            127,
            35.292967319488525,
            "RuEasy"
        ],
        [
            3,
            108,
            39.40491771697998,
            "EnEasy"
        ],
        [
            11,
            151,
            50.39373183250427,
            "RuEasy"
        ],
        [
            23,
            138,
            53.8005576133728,
            "RuEasy"
        ],
        [
            0,
            0,
            0,
            ""
        ],
        [
            0,
            0,
            0,
            ""
        ],
        [
            0,
            0,
            0,
            ""
        ],
        [
            0,
            0,
            0,
            ""
        ],
        [
            0,
            0,
            0,
            ""
        ],
        [
            0,
            0,
            0,
            ""
        ],
        [
            10,
            110,
            45.013,
            "EnEasy"
        ],
        [
            2,
            113,
            36.0873,
            "EnEasy"
        ],
        [
            7,
            120,
            44.0701,
            "EnEasy"
        ],
        [
            6,
            104,
            40.4346,
            "EnEasy"
        ],
        [
            14,
            112,
            44.9179,
            "EnEasy"
        ],
        [
            9,
            110,
            41.5625,
            "EnEasy"
        ],
        [
            13,
            113,
            52.806,
            "EnEasy"
        ],
        [
            3,
            113,
            44.8206,
            "EnEasy"
        ],
        [
            2,
            94,
            32.9841,
            "EnEasy"
        ],
        [
            3,
            86,
            28.7964,
            "EnEasy"
        ],
        [
            18,
            112,
            86.957,
            "EnEasy"
        ],
        [
            5,
            132,
            38.0962,
            "RuEasy"
        ],
        [
            13,
            108,
            48.8603,
            "RuEasy"
        ]
    ]
}